residue,mel_plddt,sb_plddt,sb1_plddt,sb2_plddt,sim_plddt,tei_plddt,yak_plddt,,,,,,,,,,,,,,,,,,,,,,,,,,,
1,18.66,22.69,20.22,19.88,16.17,17.09,16.73,,,,,,,,,,,,,,,,,,,,,,,,,,,
2,19.22,18.23,16.58,17.2,17.55,19.67,17.11,,,,,,,,,,,,,,,,,,,,,,,,,,,
3,19.05,16.69,17.5,18.67,17.8,19,17.97,,,,,,,,,,,,,,,,,,,,,,,,,,,
4,20.25,23.16,20.25,18.14,16.52,20.22,18.88,,,,,,,,,,,,,,,,,,,,,,,,,,,
5,19.64,23.22,20.98,19.3,17.11,18.31,19.14,,,,,,,,,,,,,,,,,,,,,,,,,,,
6,20.03,22.14,18.95,17.91,16.97,19.52,18.08,,,,,,,,,,,,,,,,,,,,,,,,,,,
7,18.31,28.34,24.44,20.38,19.33,19.53,23.05,,,,,,,,,,,,,,,,,,,,,,,,,,,
8,17.66,30.59,25.88,19.94,18.44,19.67,20.5,,,,,,,,,,,,,,,,,,,,,,,,,,,
9,19.14,32.38,26.59,18.62,17.88,22.41,21.44,,,,,,,,,,,,,,,,,,,,,,,,,,,
10,19.16,33.47,27.25,19.53,18.2,23.28,22.08,,,,,,,,,,,,,,,,,,,,,,,,,,,
11,20.72,36.62,31.09,21.59,19.12,24.11,24.56,,,,,,,,,,,,,,,,,,,,,,,,,,,
12,20.33,38,31.94,19.27,17.88,23.52,24.94,,,,,,,,,,,,,,,,,,,,,,,,,,,
13,20.19,40.62,33.34,19.06,16.92,24.06,24.31,,,,,,,,,,,,,,,,,,,,,,,,,,,
14,23.03,45.91,35.19,22.22,19.33,26.61,26.03,,,,,,,,,,,,,,,,,,,,,,,,,,,
15,24.3,52.5,37.66,22.14,19.14,28.22,29.22,,,,,,,,,,,,,,,,,,,,,,,,,,,
16,24.42,51.59,38.84,22.83,18.64,30.84,30.61,,,,,,,,,,,,,,,,,,,,,,,,,,,
17,24.52,51.56,39.56,23.44,19.72,29.38,29.44,,,,,,,,,,,,,,,,,,,,,,,,,,,
18,28.16,55.06,43.75,25.91,22.33,31.38,32.31,,,,,,,,,,,,,,,,,,,,,,,,,,,
19,33.22,57.94,48.31,28.88,23.8,36.41,35.19,,,,,,,,,,,,,,,,,,,,,,,,,,,
20,31.27,56.62,47.38,30.08,25.17,35.56,35.59,,,,,,,,,,,,,,,,,,,,,,,,,,,
21,30.8,56.28,48.22,29.86,22.59,37.22,34.72,,,,,,,,,,,,,,,,,,,,,,,,,,,
22,33.69,60.25,52.53,30.36,24.8,37.72,36.53,,,,,,,,,,,,,,,,,,,,,,,,,,,
23,35.66,58.56,51.56,31.7,26.95,38.16,38.66,,,,,,,,,,,,,,,,,,,,,,,,,,,
24,30.53,61.34,52.03,28.94,25.08,34.47,33.81,,,,,,,,,,,,,,,,,,,,,,,,,,,
25,29.3,58.38,51.34,28.34,24.31,31.95,32.94,,,,,,,,,,,,,,,,,,,,,,,,,,,
26,30.59,59.78,53,26.45,25,32.31,34.22,,,,,,,,,,,,,,,,,,,,,,,,,,,
27,28.98,58.06,50.94,25.41,25.11,32.19,32.66,,,,,,,,,,,,,,,,,,,,,,,,,,,
28,23.2,56.72,49.19,21.91,22.09,27.08,27.91,,,,,,,,,,,,,,,,,,,,,,,,,,,
29,23.03,59.34,48.97,21.36,22.55,24.44,28.64,,,,,,,,,,,,,,,,,,,,,,,,,,,
30,22.7,54.94,45.03,20.05,21.41,24.3,25.66,,,,,,,,,,,,,,,,,,,,,,,,,,,
31,19.78,51.81,40.47,18.67,19.39,22.91,24.94,,,,,,,,,,,,,,,,,,,,,,,,,,,
32,21.14,51.09,40.25,20.61,21.59,21.55,23.8,,,,,,,,,,,,,,,,,,,,,,,,,,,
33,17.66,43.44,34.91,16.98,17.97,19.62,21.28,,,,,,,,,,,,,,,,,,,,,,,,,,,
34,16.86,36.81,29.72,16.34,17.09,18.58,18.56,,,,,,,,,,,,,,,,,,,,,,,,,,,
35,16.31,33.19,25.95,15.72,16.84,17.88,18.5,,,,,,,,,,,,,,,,,,,,,,,,,,,
36,15.74,27.91,21.91,16.09,16.92,16.56,17.23,,,,,,,,,,,,,,,,,,,,,,,,,,,
37,15.77,23.88,18.48,15.65,15.86,16.62,16.31,,,,,,,,,,,,,,,,,,,,,,,,,,,
38,15.49,20.61,18.19,15.1,15.76,16.52,15.9,,,,,,,,,,,,,,,,,,,,,,,,,,,
39,16.02,21.72,17.38,15.66,16.41,17.3,16.72,,,,,,,,,,,,,,,,,,,,,,,,,,,
40,14.7,18.66,14.87,16.23,16.06,17.06,17.16,,,,,,,,,,,,,,,,,,,,,,,,,,,
41,15.02,17.88,15.16,15.48,16.11,15.35,15.89,,,,,,,,,,,,,,,,,,,,,,,,,,,
42,15.01,17.86,15.58,15.11,15.66,15.58,16.53,,,,,,,,,,,,,,,,,,,,,,,,,,,
43,13.83,15.14,13.92,14.84,14.95,15.97,14.95,,,,,,,,,,,,,,,,,,,,,,,,,,,
44,14.95,16.56,14.08,15.48,15.73,16.11,16.8,,,,,,,,,,,,,,,,,,,,,,,,,,,
45,14.39,15.66,15.15,16.05,15.55,16.77,14.14,,,,,,,,,,,,,,,,,,,,,,,,,,,
46,14.68,15.98,14.78,14.95,15.16,16.89,15.34,,,,,,,,,,,,,,,,,,,,,,,,,,,
47,14.88,15.54,15.61,16.94,15.73,17.47,14.91,,,,,,,,,,,,,,,,,,,,,,,,,,,
48,14.45,16.22,15.92,13.79,15.15,16.88,15.71,,,,,,,,,,,,,,,,,,,,,,,,,,,
49,14.41,15.53,15.22,14.34,15.78,17.59,16.09,,,,,,,,,,,,,,,,,,,,,,,,,,,
50,14.99,16.52,15.91,15.7,15.71,17.84,15.48,,,,,,,,,,,,,,,,,,,,,,,,,,,
51,14.77,15.37,14.66,14.36,15.69,16.48,15.92,,,,,,,,,,,,,,,,,,,,,,,,,,,
52,14.77,15.52,15.88,14.97,15.69,19.47,14.62,,,,,,,,,,,,,,,,,,,,,,,,,,,
53,15.02,15.23,15.11,15.24,15.96,17.44,16.42,,,,,,,,,,,,,,,,,,,,,,,,,,,
54,15.28,15.47,15.78,16.92,16.78,17.89,14.8,,,,,,,,,,,,,,,,,,,,,,,,,,,
55,15.34,15.13,14.85,15.66,17.7,20.56,14.77,,,,,,,,,,,,,,,,,,,,,,,,,,,
56,15.82,15.49,15.13,16.64,16.5,18.06,16.64,,,,,,,,,,,,,,,,,,,,,,,,,,,
57,16.33,15.89,14.97,18.02,15.75,20,15.48,,,,,,,,,,,,,,,,,,,,,,,,,,,
58,17.3,15.91,14.59,18.88,16.27,19.88,15.38,,,,,,,,,,,,,,,,,,,,,,,,,,,
59,16.59,15.86,16.36,21.52,18.33,21.25,16.81,,,,,,,,,,,,,,,,,,,,,,,,,,,
60,17.95,16.52,15.51,26.11,17.7,20.25,16.5,,,,,,,,,,,,,,,,,,,,,,,,,,,
61,18.7,15.79,15.49,28.42,19.72,22.36,16.7,,,,,,,,,,,,,,,,,,,,,,,,,,,
62,18.14,15.83,16.48,27.7,19.25,21.75,17.69,,,,,,,,,,,,,,,,,,,,,,,,,,,
63,18.75,17.06,16.72,33.03,20.28,24.23,17.78,,,,,,,,,,,,,,,,,,,,,,,,,,,
64,20.38,17.2,16.08,34.41,21.8,24.86,17.08,,,,,,,,,,,,,,,,,,,,,,,,,,,
65,19.98,16.92,17.19,36,22.12,24.23,16.92,,,,,,,,,,,,,,,,,,,,,,,,,,,
66,18.92,17.14,16.89,33.53,21.84,24.02,19.45,,,,,,,,,,,,,,,,,,,,,,,,,,,
67,19.81,16.83,15.79,34.66,21.22,24.81,17.25,,,,,,,,,,,,,,,,,,,,,,,,,,,
68,21.73,17.05,16.2,34.72,22.81,22.86,16.98,,,,,,,,,,,,,,,,,,,,,,,,,,,
69,21.25,17.05,18.25,32.66,24.02,24.08,18.45,,,,,,,,,,,,,,,,,,,,,,,,,,,
70,19.91,16.77,15.9,31.58,22.3,22.66,19.06,,,,,,,,,,,,,,,,,,,,,,,,,,,
71,19.7,16.39,15.22,30.89,20.39,22.64,16.98,,,,,,,,,,,,,,,,,,,,,,,,,,,
72,18.56,16.58,17.16,26.08,21.55,20.7,16.53,,,,,,,,,,,,,,,,,,,,,,,,,,,
73,17.45,15.98,15.58,24.06,19.92,20.33,18.11,,,,,,,,,,,,,,,,,,,,,,,,,,,
74,17.62,16.7,16.92,23.25,21.05,18.95,16.84,,,,,,,,,,,,,,,,,,,,,,,,,,,
75,17.36,16.28,16.23,21,19.19,18.67,16.14,,,,,,,,,,,,,,,,,,,,,,,,,,,
76,16.86,17.23,17.5,21.98,20.69,18.69,19.55,,,,,,,,,,,,,,,,,,,,,,,,,,,
77,19.34,18.17,18.67,21.44,19.5,19.12,16.72,,,,,,,,,,,,,,,,,,,,,,,,,,,
78,17.94,18.44,17.81,19.91,20.12,18.33,19.09,,,,,,,,,,,,,,,,,,,,,,,,,,,
79,17.44,17.59,18.98,19.17,18.88,18.56,18.09,,,,,,,,,,,,,,,,,,,,,,,,,,,
80,17.92,20.25,18.86,18.61,18.38,21.03,16.98,,,,,,,,,,,,,,,,,,,,,,,,,,,
81,17.3,19.31,18.61,18.52,18.7,19.36,18.64,,,,,,,,,,,,,,,,,,,,,,,,,,,
82,16.69,18.31,19.14,17.05,16.92,17.91,16.06,,,,,,,,,,,,,,,,,,,,,,,,,,,
83,16.58,20.48,18.67,16.69,16.83,19.69,16.47,,,,,,,,,,,,,,,,,,,,,,,,,,,
84,16.97,17.31,19.7,17.39,16.81,17.2,17.25,,,,,,,,,,,,,,,,,,,,,,,,,,,
85,16.72,17.02,17.38,15.98,15.6,18.55,15.3,,,,,,,,,,,,,,,,,,,,,,,,,,,
86,17.39,17.23,17.55,18.38,16.81,17.58,16.91,,,,,,,,,,,,,,,,,,,,,,,,,,,
87,16.19,15.62,15.98,15.52,15.09,17.23,14.99,,,,,,,,,,,,,,,,,,,,,,,,,,,
88,15.86,14.97,17.44,15.59,15.55,18.62,15.14,,,,,,,,,,,,,,,,,,,,,,,,,,,
89,16.86,15.53,15.63,16,15.05,16.86,16.52,,,,,,,,,,,,,,,,,,,,,,,,,,,
90,15.59,14.52,15.71,14.94,14.68,17.56,14.48,,,,,,,,,,,,,,,,,,,,,,,,,,,
91,15,14.7,15.2,16.03,14.86,18.38,15.51,,,,,,,,,,,,,,,,,,,,,,,,,,,
92,15.16,14.81,14.77,14.92,14.47,16.7,14.01,,,,,,,,,,,,,,,,,,,,,,,,,,,
93,15.5,14.23,14.48,15.46,14.45,17.53,14.39,,,,,,,,,,,,,,,,,,,,,,,,,,,
94,15.12,14.3,14.59,14.62,14.45,17.66,14.4,,,,,,,,,,,,,,,,,,,,,,,,,,,
95,14.12,14.44,14.34,14.87,14.28,17.27,13.92,,,,,,,,,,,,,,,,,,,,,,,,,,,
96,14.2,13.9,13.94,14.97,14.62,18.22,14.8,,,,,,,,,,,,,,,,,,,,,,,,,,,
97,14.55,14.52,14.59,14.94,13.96,17.8,13.54,,,,,,,,,,,,,,,,,,,,,,,,,,,
98,13.94,13.99,13.9,15.13,14.46,17.05,14.39,,,,,,,,,,,,,,,,,,,,,,,,,,,
99,13.92,14.6,14.45,15.02,14.1,17.95,14.16,,,,,,,,,,,,,,,,,,,,,,,,,,,
100,14.39,14.11,13.8,14.52,14.51,17.59,13.96,,,,,,,,,,,,,,,,,,,,,,,,,,,
101,13.76,14.17,14.05,15.44,13.55,18.91,13.56,,,,,,,,,,,,,,,,,,,,,,,,,,,
102,13.92,13.64,13.67,13.55,13.95,18.16,14.22,,,,,,,,,,,,,,,,,,,,,,,,,,,
103,14.16,14.84,14.49,14.98,14.02,18.17,13.95,,,,,,,,,,,,,,,,,,,,,,,,,,,
104,14.2,14.51,14.32,14.23,14.03,18.94,13.2,,,,,,,,,,,,,,,,,,,,,,,,,,,
105,14.41,14.76,14.27,14.44,13.89,21.02,13.58,,,,,,,,,,,,,,,,,,,,,,,,,,,
106,14.55,14.98,14.49,15.19,14.22,21.81,14.41,,,,,,,,,,,,,,,,,,,,,,,,,,,
107,14.43,14.85,13.98,14.34,13.81,22.11,13.54,,,,,,,,,,,,,,,,,,,,,,,,,,,
108,13.98,14.53,14.31,14.3,14.09,22.33,13.44,,,,,,,,,,,,,,,,,,,,,,,,,,,
109,14.27,14.54,14.01,14.12,14.02,22.95,13.32,,,,,,,,,,,,,,,,,,,,,,,,,,,
110,14.05,15.07,14.42,14.3,13.98,20.02,14.19,,,,,,,,,,,,,,,,,,,,,,,,,,,
111,14.64,14.79,14.15,14.55,13.95,22.19,13.11,,,,,,,,,,,,,,,,,,,,,,,,,,,
112,13.98,15.08,14.6,14.3,14.08,20.12,13.41,,,,,,,,,,,,,,,,,,,,,,,,,,,
113,15.48,15.15,14.8,15.23,13.84,22.19,13.45,,,,,,,,,,,,,,,,,,,,,,,,,,,
114,14.09,15.15,14.84,14.63,13.86,21.7,13.44,,,,,,,,,,,,,,,,,,,,,,,,,,,
115,15.76,15.53,15.32,15.61,13.96,26.22,13.29,,,,,,,,,,,,,,,,,,,,,,,,,,,
116,,16.09,16.08,,14.31,24.91,14.35,,,,,,,,,,,,,,,,,,,,,,,,,,,
117,,,,,,23.45,13.79,,,,,,,,,,,,,,,,,,,,,,,,,,,
118,,15.61,15.62,,14.6,26.14,14.28,,,,,,,,,,,,,,,,,,,,,,,,,,,
119,,15.91,15.2,,14.31,25.73,15.37,,,,,,,,,,,,,,,,,,,,,,,,,,,
120,14.16,16.72,15.32,16.53,14.82,24.97,15.32,,,,,,,,,,,,,,,,,,,,,,,,,,,
121,15.12,17.36,16.42,15.29,14.87,30.97,16.81,,,,,,,,,,,,,,,,,,,,,,,,,,,
122,14.88,19.02,17.11,16.64,15.24,29.53,18.22,,,,,,,,,,,,,,,,,,,,,,,,,,,
123,16.08,19.03,18.25,15.95,16.17,28.69,18.03,,,,,,,,,,,,,,,,,,,,,,,,,,,
124,17.09,18.92,17.61,17.25,17.22,30.8,18.55,,,,,,,,,,,,,,,,,,,,,,,,,,,
125,16.44,20.12,18.92,17.06,16.5,32.25,19.11,,,,,,,,,,,,,,,,,,,,,,,,,,,
126,16.31,20.97,18.67,16.58,16.73,32.75,20.3,,,,,,,,,,,,,,,,,,,,,,,,,,,
127,16.66,22.09,19.48,17.14,19.28,36.03,19.19,,,,,,,,,,,,,,,,,,,,,,,,,,,
128,17.14,20.72,18.69,17.42,18.73,35.75,20.64,,,,,,,,,,,,,,,,,,,,,,,,,,,
129,16.89,22.66,19.97,17.16,20.44,35.19,22.19,,,,,,,,,,,,,,,,,,,,,,,,,,,
130,17.45,23.59,20.86,17.69,22.09,36.25,23.25,,,,,,,,,,,,,,,,,,,,,,,,,,,
131,17.62,22.95,21.47,17.5,21.02,36.38,24.42,,,,,,,,,,,,,,,,,,,,,,,,,,,
132,16.61,24,22.45,17.23,18.91,36.06,25.38,,,,,,,,,,,,,,,,,,,,,,,,,,,
133,17.39,23.17,21.62,17.27,21.34,33.69,25.67,,,,,,,,,,,,,,,,,,,,,,,,,,,
134,20.11,25.58,23.55,20.34,24.33,37.69,28.48,,,,,,,,,,,,,,,,,,,,,,,,,,,
135,17.56,21.59,19.95,17.95,19.2,32.62,25.77,,,,,,,,,,,,,,,,,,,,,,,,,,,
136,17.3,23.69,22.78,18.64,21.38,33.88,27.06,,,,,,,,,,,,,,,,,,,,,,,,,,,
137,18.17,24.25,23.58,20.25,23.52,35.41,27.61,,,,,,,,,,,,,,,,,,,,,,,,,,,
138,20.78,23.62,23.75,20.39,22.48,34.91,27.52,,,,,,,,,,,,,,,,,,,,,,,,,,,
139,19.33,22,21.94,19.25,23.09,34.47,27.52,,,,,,,,,,,,,,,,,,,,,,,,,,,
140,20.09,24.45,25.39,20.75,22.23,35.91,28.58,,,,,,,,,,,,,,,,,,,,,,,,,,,
141,19.58,25.84,26.83,21.55,24.25,36.22,28.33,,,,,,,,,,,,,,,,,,,,,,,,,,,
142,24.22,23.09,24.28,24.06,27.62,35.91,28.75,,,,,,,,,,,,,,,,,,,,,,,,,,,
143,20.75,24.41,24.95,21.47,25.95,36.09,30.06,,,,,,,,,,,,,,,,,,,,,,,,,,,
144,23.47,28.28,30.31,23.53,30.05,39.66,32.38,,,,,,,,,,,,,,,,,,,,,,,,,,,
145,27.64,30,31.64,28.09,32.47,40.41,35.03,,,,,,,,,,,,,,,,,,,,,,,,,,,
146,28.64,,,28.39,,,,,,,,,,,,,,,,,,,,,,,,,,,,,,
147,28.69,,,28.84,,,,,,,,,,,,,,,,,,,,,,,,,,,,,,
148,32.44,,,32.28,,,,,,,,,,,,,,,,,,,,,,,,,,,,,,
149,36.84,,,36.97,,,,,,,,,,,,,,,,,,,,,,,,,,,,,,
150,41.31,37.69,40.16,41.75,40.41,46.78,38.97,,,,,,,,,,,,,,,,,,,,,,,,,,,
151,41.97,38.19,40.62,42.38,41.53,49.47,43.75,,,,,,,,,,,,,,,,,,,,,,,,,,,
152,58.22,48.66,51.16,58.31,59.12,58.88,55.09,,,,,,,,,,,,,,,,,,,,,,,,,,,
153,65.25,60.38,63.03,65.5,67.5,69,62.84,,,,,,,,,,,,,,,,,,,,,,,,,,,
154,70.44,64.75,66.25,71,70.56,69.81,67.62,,,,,,,,,,,,,,,,,,,,,,,,,,,
155,74.56,65.75,66.44,74.94,72.62,75.19,71.44,,,,,,,,,,,,,,,,,,,,,,,,,,,
156,74.88,69.69,71.19,74.94,73.56,74.19,71.25,,,,,,,,,,,,,,,,,,,,,,,,,,,
157,79,74.38,75.62,79.06,77.5,79.44,76.5,,,,,,,,,,,,,,,,,,,,,,,,,,,
158,81.88,76.25,77,81.81,79,81.94,77.25,,,,,,,,,,,,,,,,,,,,,,,,,,,
159,79.44,72,73.5,79.5,76.31,78.56,74.88,,,,,,,,,,,,,,,,,,,,,,,,,,,
160,76.62,71.25,72.75,76.88,74.62,76.38,73,,,,,,,,,,,,,,,,,,,,,,,,,,,
161,78.25,73.69,74.44,78.25,75.94,78.56,74.81,,,,,,,,,,,,,,,,,,,,,,,,,,,
162,75.75,72.81,74,75.62,73.56,75.12,72.38,,,,,,,,,,,,,,,,,,,,,,,,,,,
163,82,77.12,77.88,81.94,78,82.62,78,,,,,,,,,,,,,,,,,,,,,,,,,,,
164,79.19,74.44,75.81,79.12,76.19,79.19,74.75,,,,,,,,,,,,,,,,,,,,,,,,,,,
165,75.5,71.62,73.44,75.88,73.75,76.06,72.62,,,,,,,,,,,,,,,,,,,,,,,,,,,
166,77,72.44,73.31,77.31,74.38,78.12,73.75,,,,,,,,,,,,,,,,,,,,,,,,,,,
167,78.94,74.44,74.38,79.06,75.38,80.75,76.19,,,,,,,,,,,,,,,,,,,,,,,,,,,
168,77,72.69,72.62,77.19,73.75,78.88,75.62,,,,,,,,,,,,,,,,,,,,,,,,,,,
169,78.12,73.44,73.62,78.12,75.06,81.25,77.38,,,,,,,,,,,,,,,,,,,,,,,,,,,
170,77.25,72.81,73.38,77.25,75.12,79.06,76,,,,,,,,,,,,,,,,,,,,,,,,,,,
171,76.75,71.94,73.06,76.69,74.19,80,77.38,,,,,,,,,,,,,,,,,,,,,,,,,,,
172,78.56,75.38,76.31,79,76.5,82.88,81.81,,,,,,,,,,,,,,,,,,,,,,,,,,,
173,79.44,77.06,77.81,79.94,77.25,83.81,83.38,,,,,,,,,,,,,,,,,,,,,,,,,,,
174,78.69,76.75,77.25,78.88,76.81,81.44,79.88,,,,,,,,,,,,,,,,,,,,,,,,,,,
175,82.06,79.5,79.88,82.38,79.44,84.88,82.94,,,,,,,,,,,,,,,,,,,,,,,,,,,
176,84.81,82.69,82.5,85.69,82.31,87.88,87.69,,,,,,,,,,,,,,,,,,,,,,,,,,,
177,83.56,80.62,81.31,83.88,80.19,84.44,85.06,,,,,,,,,,,,,,,,,,,,,,,,,,,
178,82.19,78.12,79,82.12,78.44,83.31,82.19,,,,,,,,,,,,,,,,,,,,,,,,,,,
179,87.38,83.56,84,87.69,83,88.69,88,,,,,,,,,,,,,,,,,,,,,,,,,,,
180,87.88,85.62,85.88,88.38,84.5,89.19,89.38,,,,,,,,,,,,,,,,,,,,,,,,,,,
181,84.56,79.81,81.12,84.25,78.81,84.25,83.81,,,,,,,,,,,,,,,,,,,,,,,,,,,
182,86.69,80.25,81.75,86.38,80,87.19,86.19,,,,,,,,,,,,,,,,,,,,,,,,,,,
183,89.25,85.88,86.12,89.81,83.38,90.56,90.25,,,,,,,,,,,,,,,,,,,,,,,,,,,
184,88.19,84.25,84.94,88.25,80.69,88.69,88.62,,,,,,,,,,,,,,,,,,,,,,,,,,,
185,84.81,79.31,81.5,83.69,76.31,85.69,83.31,,,,,,,,,,,,,,,,,,,,,,,,,,,
186,88.88,83.75,85.75,88.19,78.44,89.25,88.38,,,,,,,,,,,,,,,,,,,,,,,,,,,
187,88.12,85.38,85.5,88.31,79.62,88.94,88.75,,,,,,,,,,,,,,,,,,,,,,,,,,,
188,82.62,79,80.44,82,70.5,83.62,82.44,,,,,,,,,,,,,,,,,,,,,,,,,,,
189,82.25,76.44,79.19,81,61.78,83.75,81.75,,,,,,,,,,,,,,,,,,,,,,,,,,,
190,76.94,72.81,76.44,75.44,56.12,78.56,76.56,,,,,,,,,,,,,,,,,,,,,,,,,,,
191,80.75,79.75,81.12,77.31,51.5,85.44,79.62,,,,,,,,,,,,,,,,,,,,,,,,,,,
192,67.38,65.44,66.62,62.66,47.84,75.94,66.94,,,,,,,,,,,,,,,,,,,,,,,,,,,
193,60.97,59.81,62.47,56.72,41.62,72.88,61.09,,,,,,,,,,,,,,,,,,,,,,,,,,,
194,51.06,48.78,56.56,48.88,37.78,62.62,52.41,,,,,,,,,,,,,,,,,,,,,,,,,,,
195,44.69,44.09,49.44,42.38,34.91,62.59,44.09,,,,,,,,,,,,,,,,,,,,,,,,,,,
196,47.62,42.94,55.03,43.47,36.22,64.88,43.69,,,,,,,,,,,,,,,,,,,,,,,,,,,
197,47.72,45.03,58.38,43.22,34.44,67.81,43.91,,,,,,,,,,,,,,,,,,,,,,,,,,,
198,46.5,40.94,60.19,38.12,34.78,66.88,39.47,,,,,,,,,,,,,,,,,,,,,,,,,,,
199,50.25,46.03,66.38,38.25,35.97,69.62,40.03,,,,,,,,,,,,,,,,,,,,,,,,,,,
200,50.94,46.06,67.44,38.19,37.62,65.06,40.09,,,,,,,,,,,,,,,,,,,,,,,,,,,
201,54,50.91,70.19,40.06,37.41,64.44,44.34,,,,,,,,,,,,,,,,,,,,,,,,,,,
202,52.59,46.5,65.94,44.97,37.62,58.53,45.28,,,,,,,,,,,,,,,,,,,,,,,,,,,
203,49.91,45.78,62.41,46.09,39.59,56.62,44.66,,,,,,,,,,,,,,,,,,,,,,,,,,,
204,48.19,44.41,56.09,47.34,38.38,55.28,43.94,,,,,,,,,,,,,,,,,,,,,,,,,,,
205,46.47,42,54.22,51.81,44.81,55.88,46.03,,,,,,,,,,,,,,,,,,,,,,,,,,,
206,51.56,46.34,55.97,54.94,45.09,59.16,49.97,,,,,,,,,,,,,,,,,,,,,,,,,,,
207,52.69,46.75,52.5,56.88,51.41,58.88,50.31,,,,,,,,,,,,,,,,,,,,,,,,,,,
208,51.19,46.66,54.62,55.91,54.16,56.62,47.03,,,,,,,,,,,,,,,,,,,,,,,,,,,
209,55.44,54.09,57.31,59.53,55.31,58.5,53,,,,,,,,,,,,,,,,,,,,,,,,,,,
210,52.09,51.69,52.88,54.03,53.91,54.44,51.56,,,,,,,,,,,,,,,,,,,,,,,,,,,
211,58.5,56.66,57.31,58.03,55.97,60.06,56.47,,,,,,,,,,,,,,,,,,,,,,,,,,,
212,70.69,61.28,62.5,68.81,63.47,71.75,65.5,,,,,,,,,,,,,,,,,,,,,,,,,,,
213,79,76.19,75.94,77.88,73,80.56,78.19,,,,,,,,,,,,,,,,,,,,,,,,,,,
214,77.5,76.31,76.44,77.38,71.75,78.62,78.25,,,,,,,,,,,,,,,,,,,,,,,,,,,
215,76,74.38,74.5,75.88,68,78,76.62,,,,,,,,,,,,,,,,,,,,,,,,,,,
216,75.38,74.5,75.19,75.31,69,78.25,77.56,,,,,,,,,,,,,,,,,,,,,,,,,,,
217,76.31,75.06,75.44,77,72,80.12,79.88,,,,,,,,,,,,,,,,,,,,,,,,,,,
218,78.5,77.88,78.25,79.12,76.12,81.75,83.12,,,,,,,,,,,,,,,,,,,,,,,,,,,
219,82.62,82.25,82.25,83.56,81.56,87.12,88.62,,,,,,,,,,,,,,,,,,,,,,,,,,,
220,80.88,82.19,82.19,82.62,80.31,87.56,88.44,,,,,,,,,,,,,,,,,,,,,,,,,,,
221,84.38,84.5,84.5,85.56,82.56,87.19,88.81,,,,,,,,,,,,,,,,,,,,,,,,,,,
222,87.31,87.38,87.56,88.19,84.88,89.38,90.75,,,,,,,,,,,,,,,,,,,,,,,,,,,
223,87.56,87.25,86.44,89.19,87.44,91.12,91.5,,,,,,,,,,,,,,,,,,,,,,,,,,,
224,88.19,88.19,88,89.25,87.25,90.69,91.12,,,,,,,,,,,,,,,,,,,,,,,,,,,
225,89.5,89.44,89,90.25,86.56,90.69,91.25,,,,,,,,,,,,,,,,,,,,,,,,,,,
226,89.62,89.25,88.31,91.12,87.69,92,91.88,,,,,,,,,,,,,,,,,,,,,,,,,,,
227,89.38,89.19,87.75,91.31,89.12,92.31,92.5,,,,,,,,,,,,,,,,,,,,,,,,,,,
228,90.19,90.44,89.56,91.62,88.19,91.88,92.25,,,,,,,,,,,,,,,,,,,,,,,,,,,
229,90.19,90.44,89.38,91.12,86.5,92.06,91.56,,,,,,,,,,,,,,,,,,,,,,,,,,,
230,91.12,91.31,89.38,93.5,89.88,93.31,93.5,,,,,,,,,,,,,,,,,,,,,,,,,,,
231,91.94,92.06,90.44,93.62,90.06,93,94,,,,,,,,,,,,,,,,,,,,,,,,,,,
232,91.75,91.81,91.44,93.19,88.19,92.81,93.44,,,,,,,,,,,,,,,,,,,,,,,,,,,
233,92.38,91.5,91.12,93.5,89.12,92.94,93.88,,,,,,,,,,,,,,,,,,,,,,,,,,,
234,92.69,92.44,90.5,94.5,91.12,94.19,94.56,,,,,,,,,,,,,,,,,,,,,,,,,,,
235,93.5,93,92.44,94.56,90.81,92.88,94.75,,,,,,,,,,,,,,,,,,,,,,,,,,,
236,93.62,92.44,92.38,94.06,88.62,93.69,94.25,,,,,,,,,,,,,,,,,,,,,,,,,,,
237,93.62,92.75,92.62,94.44,91.06,94.44,94.62,,,,,,,,,,,,,,,,,,,,,,,,,,,
238,93.69,93,92.75,94.62,92.38,93.88,94.62,,,,,,,,,,,,,,,,,,,,,,,,,,,
239,94.38,93.44,94.19,94.88,91.62,93.94,94.94,,,,,,,,,,,,,,,,,,,,,,,,,,,
240,94.19,91.38,92.94,94.12,90.56,93.38,94.38,,,,,,,,,,,,,,,,,,,,,,,,,,,
241,94.69,92.88,93.56,95.31,94,93.62,95,,,,,,,,,,,,,,,,,,,,,,,,,,,
242,94.12,92.56,93.5,94.75,93.88,92.19,94.56,,,,,,,,,,,,,,,,,,,,,,,,,,,
243,92.88,90,92.38,92.81,91.44,90.69,92.44,,,,,,,,,,,,,,,,,,,,,,,,,,,
244,91.38,86.94,90.75,91.25,89.94,87.88,91.31,,,,,,,,,,,,,,,,,,,,,,,,,,,
245,90.19,87.62,89.5,89.94,89.25,87.06,89.81,,,,,,,,,,,,,,,,,,,,,,,,,,,
246,90.62,88.25,90.31,90.75,89.75,87.56,90.44,,,,,,,,,,,,,,,,,,,,,,,,,,,
247,90.88,89.94,90.69,90.56,89.94,87.5,90.81,,,,,,,,,,,,,,,,,,,,,,,,,,,
248,90.75,89.38,89.69,90.88,90.38,88.94,90.5,,,,,,,,,,,,,,,,,,,,,,,,,,,
249,91.88,90.94,90.94,92.19,91.94,89.25,91.5,,,,,,,,,,,,,,,,,,,,,,,,,,,
250,91.94,91.25,91.5,92.31,91.94,89.75,91.94,,,,,,,,,,,,,,,,,,,,,,,,,,,
251,93.38,91.75,92.12,93.75,93.38,92.06,93.62,,,,,,,,,,,,,,,,,,,,,,,,,,,
252,94.44,92.44,93.25,94.94,94.44,92.94,94.75,,,,,,,,,,,,,,,,,,,,,,,,,,,
253,93.5,92.25,92.88,94.12,93.81,92.56,93.94,,,,,,,,,,,,,,,,,,,,,,,,,,,
254,94.19,92.5,92.62,94.75,94.44,93.44,94.69,,,,,,,,,,,,,,,,,,,,,,,,,,,
255,94.94,93.5,93.31,95.81,95.31,94.88,95.69,,,,,,,,,,,,,,,,,,,,,,,,,,,
256,93.94,92.81,92.88,94.88,94.62,93.75,94.81,,,,,,,,,,,,,,,,,,,,,,,,,,,
257,93.94,92.75,92.19,95.31,94.88,94.19,95.25,,,,,,,,,,,,,,,,,,,,,,,,,,,
258,93.56,92.38,91.31,95.19,94.25,94.12,95.06,,,,,,,,,,,,,,,,,,,,,,,,,,,
259,93.69,92.44,91,95.56,94.56,94.56,95.44,,,,,,,,,,,,,,,,,,,,,,,,,,,
260,91.75,91.31,88.5,94.25,94.25,93.31,94.12,,,,,,,,,,,,,,,,,,,,,,,,,,,
261,87.62,89.19,84.19,92.12,92.12,92,92.06,,,,,,,,,,,,,,,,,,,,,,,,,,,
262,90,90.5,83.25,93.44,92.5,93.12,93.06,,,,,,,,,,,,,,,,,,,,,,,,,,,
263,89.62,89.06,84.19,92.88,92.56,92.38,92.88,,,,,,,,,,,,,,,,,,,,,,,,,,,
264,89.38,88.38,85,93.06,93.75,92.25,93.31,,,,,,,,,,,,,,,,,,,,,,,,,,,
265,86.56,87.5,82.44,91.75,92.44,91.06,92.12,,,,,,,,,,,,,,,,,,,,,,,,,,,
266,83.94,85.31,80.56,89.19,89.31,89.31,89.44,,,,,,,,,,,,,,,,,,,,,,,,,,,
267,83,82.31,79.38,86.69,88.12,86.69,86.81,,,,,,,,,,,,,,,,,,,,,,,,,,,
268,83.94,83,81.75,87.19,88.25,89.88,89,,,,,,,,,,,,,,,,,,,,,,,,,,,
269,84.06,84.81,81.94,88.5,90,91.62,91.31,,,,,,,,,,,,,,,,,,,,,,,,,,,
270,77.94,74.88,74.25,80.69,81.88,83.5,83.5,,,,,,,,,,,,,,,,,,,,,,,,,,,
271,76.69,72.75,73,79.5,81.69,83.56,83.5,,,,,,,,,,,,,,,,,,,,,,,,,,,
272,76.12,73,72.5,78.94,80.69,86.88,86.5,,,,,,,,,,,,,,,,,,,,,,,,,,,
273,73.5,71.25,70.19,76.75,78.44,82.94,83.25,,,,,,,,,,,,,,,,,,,,,,,,,,,
274,64.31,62.06,62.28,67.12,70.62,79.56,80.81,,,,,,,,,,,,,,,,,,,,,,,,,,,
275,61.53,57.41,58.69,63.62,66.62,80.69,81.94,,,,,,,,,,,,,,,,,,,,,,,,,,,
276,57.25,52.97,54.38,58.62,60.62,76.44,79.38,,,,,,,,,,,,,,,,,,,,,,,,,,,
277,60.06,55.16,55.62,61.22,62.16,82.56,83.94,,,,,,,,,,,,,,,,,,,,,,,,,,,
278,55.94,47.81,49.19,57.12,56.94,80,81.25,,,,,,,,,,,,,,,,,,,,,,,,,,,
279,58.69,51.75,52.78,59.44,58.56,80.62,81.31,,,,,,,,,,,,,,,,,,,,,,,,,,,
280,53.25,45.75,47.56,54.19,53.03,74.5,75.62,,,,,,,,,,,,,,,,,,,,,,,,,,,
281,53.59,47.06,49.41,53.28,52.56,71.06,71.12,,,,,,,,,,,,,,,,,,,,,,,,,,,
282,58.41,51.28,54.59,57.09,57.25,73.94,73.25,,,,,,,,,,,,,,,,,,,,,,,,,,,
283,61.47,49.19,52.44,60,58.66,79.31,78.31,,,,,,,,,,,,,,,,,,,,,,,,,,,
284,61.19,53.72,56.03,59.25,57.88,84.38,83.38,,,,,,,,,,,,,,,,,,,,,,,,,,,
285,60.16,49.84,55.72,57.16,56.28,79,77.25,,,,,,,,,,,,,,,,,,,,,,,,,,,
286,67.19,60.03,64.75,64.81,64.12,83.5,82.31,,,,,,,,,,,,,,,,,,,,,,,,,,,
287,70.5,64.06,69.62,67.38,67.88,83.75,84.12,,,,,,,,,,,,,,,,,,,,,,,,,,,
288,73.69,67.12,70.38,73.44,74.06,84.69,85.19,,,,,,,,,,,,,,,,,,,,,,,,,,,
289,75.5,70.56,73.12,75.56,75.44,87.88,87.62,,,,,,,,,,,,,,,,,,,,,,,,,,,
290,77.5,74.19,76.12,77.44,76.88,88.19,88.25,,,,,,,,,,,,,,,,,,,,,,,,,,,
291,79.56,77.69,79,80.44,80.56,88.62,89.25,,,,,,,,,,,,,,,,,,,,,,,,,,,
292,79.25,76.81,77.31,82.12,82.44,89,88.69,,,,,,,,,,,,,,,,,,,,,,,,,,,
293,82.19,79.56,79.94,84.31,83.19,90.81,90.31,,,,,,,,,,,,,,,,,,,,,,,,,,,
294,84.62,83.81,83.81,86.56,85.62,90.94,90.75,,,,,,,,,,,,,,,,,,,,,,,,,,,
295,84.25,83.69,82.44,87,87.31,91.12,91.12,,,,,,,,,,,,,,,,,,,,,,,,,,,
296,86.5,85.19,84.94,88.56,88.31,92.38,92.31,,,,,,,,,,,,,,,,,,,,,,,,,,,
297,88.94,86.62,86.44,90.31,88.88,93.25,92.44,,,,,,,,,,,,,,,,,,,,,,,,,,,
298,88.94,87.19,87.38,91.19,89.62,93.25,93.44,,,,,,,,,,,,,,,,,,,,,,,,,,,
299,89.06,87.94,87.19,92.38,91.81,93.12,93.75,,,,,,,,,,,,,,,,,,,,,,,,,,,
300,90.69,89.44,88.75,93.25,91.31,94.44,94.19,,,,,,,,,,,,,,,,,,,,,,,,,,,
301,90.56,88.19,88.31,92.19,89.19,93,92.44,,,,,,,,,,,,,,,,,,,,,,,,,,,
302,89.31,88.38,87.88,92.19,89.44,92.06,92.5,,,,,,,,,,,,,,,,,,,,,,,,,,,
303,90.5,90.38,88.56,94.06,91.81,94.12,94.31,,,,,,,,,,,,,,,,,,,,,,,,,,,
304,90.62,89,88.56,92.56,88.69,93.38,92.75,,,,,,,,,,,,,,,,,,,,,,,,,,,
305,91,88.94,88.69,92.31,88.75,92.56,92.5,,,,,,,,,,,,,,,,,,,,,,,,,,,
306,91.12,90.44,88.94,93.88,91,93.44,93.75,,,,,,,,,,,,,,,,,,,,,,,,,,,
307,91,90.12,89.19,92.75,89.12,93.62,93.19,,,,,,,,,,,,,,,,,,,,,,,,,,,
308,91.88,90.06,90.06,92.56,87.62,93.31,92.69,,,,,,,,,,,,,,,,,,,,,,,,,,,
309,92.44,91,90.25,93.38,90.44,93.44,93.38,,,,,,,,,,,,,,,,,,,,,,,,,,,
310,92.56,91.88,90.88,93.81,90.69,93.94,93.81,,,,,,,,,,,,,,,,,,,,,,,,,,,
311,93.31,91.75,91.06,93.88,90.12,94.12,93.88,,,,,,,,,,,,,,,,,,,,,,,,,,,
312,93.81,92.44,92.12,93.5,89.81,94.25,93.69,,,,,,,,,,,,,,,,,,,,,,,,,,,
313,94.69,93.19,93.38,94.88,92.94,94.69,94.94,,,,,,,,,,,,,,,,,,,,,,,,,,,
314,94.56,93.56,93.5,94.62,91.81,94.5,94.75,,,,,,,,,,,,,,,,,,,,,,,,,,,
315,93.62,92.81,93,93.38,89.81,94,93.5,,,,,,,,,,,,,,,,,,,,,,,,,,,
316,94.19,93.19,93.62,93.62,92,94.31,94,,,,,,,,,,,,,,,,,,,,,,,,,,,
317,95,94.12,94.25,94.69,94,94.12,94.81,,,,,,,,,,,,,,,,,,,,,,,,,,,
318,93.31,91.69,93.12,92.94,91.25,92.75,93.06,,,,,,,,,,,,,,,,,,,,,,,,,,,
319,92.12,90.75,91.62,91.25,91.06,91.62,91.62,,,,,,,,,,,,,,,,,,,,,,,,,,,
320,92.44,90.5,91.06,91.94,92.44,91.62,92.06,,,,,,,,,,,,,,,,,,,,,,,,,,,
321,93.62,92.19,92.94,93.06,92.62,91.62,93.19,,,,,,,,,,,,,,,,,,,,,,,,,,,
322,89.94,88.5,89.94,89.38,89.88,89.31,89.5,,,,,,,,,,,,,,,,,,,,,,,,,,,
323,89.25,87.81,88.81,88.75,89.31,89.06,88.62,,,,,,,,,,,,,,,,,,,,,,,,,,,
324,90.56,88.75,90.25,90.31,89.94,88.31,90.06,,,,,,,,,,,,,,,,,,,,,,,,,,,
325,91.56,90.62,91.56,91.44,90.56,88.69,91,,,,,,,,,,,,,,,,,,,,,,,,,,,
326,88.88,86.31,89,87.94,88.06,85.88,88.44,,,,,,,,,,,,,,,,,,,,,,,,,,,
327,89.06,85.31,87.06,88.19,88.81,86.81,88.38,,,,,,,,,,,,,,,,,,,,,,,,,,,
328,89.75,89.56,90.56,89.69,89.75,88.31,89.88,,,,,,,,,,,,,,,,,,,,,,,,,,,
329,88.94,88.69,89.5,88.62,89.06,87.62,89.75,,,,,,,,,,,,,,,,,,,,,,,,,,,
330,89.94,90.75,91,89.19,90.69,88.06,88.69,,,,,,,,,,,,,,,,,,,,,,,,,,,
331,89.69,89.44,90.38,88.69,89.5,88.5,88.69,,,,,,,,,,,,,,,,,,,,,,,,,,,
332,91.12,90.81,91.69,90.62,91.19,89.31,89.56,,,,,,,,,,,,,,,,,,,,,,,,,,,
333,91.31,90.81,92.06,91,91.69,88.44,89.81,,,,,,,,,,,,,,,,,,,,,,,,,,,
334,89.56,89.5,90.12,87.25,91.19,89.44,87.12,,,,,,,,,,,,,,,,,,,,,,,,,,,
335,89.06,88.69,89.75,87.5,91.19,89.56,87.31,,,,,,,,,,,,,,,,,,,,,,,,,,,
336,92.38,91.19,91.94,91.12,92.5,90.69,89.94,,,,,,,,,,,,,,,,,,,,,,,,,,,
337,92.25,92.56,92.81,91.12,93.5,91.69,90.38,,,,,,,,,,,,,,,,,,,,,,,,,,,
338,87.94,88.56,89.56,86.19,91.69,89.88,86.69,,,,,,,,,,,,,,,,,,,,,,,,,,,
339,91.81,89.88,91.62,89.31,92.19,90.75,88.62,,,,,,,,,,,,,,,,,,,,,,,,,,,
340,93.31,92.06,93.31,92.12,92.69,91.19,92,,,,,,,,,,,,,,,,,,,,,,,,,,,
341,90.75,91.38,91.56,88.94,90.81,91,90.69,,,,,,,,,,,,,,,,,,,,,,,,,,,
342,91.25,90.88,91.56,89.81,93,91.44,90.25,,,,,,,,,,,,,,,,,,,,,,,,,,,
343,92.94,91.25,92.69,92.12,92,90.12,92.25,,,,,,,,,,,,,,,,,,,,,,,,,,,
344,92.69,91.06,92,91.81,91.69,89.12,92.56,,,,,,,,,,,,,,,,,,,,,,,,,,,
345,91.75,90.5,91.31,90.5,92.38,89.19,91.06,,,,,,,,,,,,,,,,,,,,,,,,,,,
346,93.06,91.06,92.44,92.06,92.06,88.25,92.25,,,,,,,,,,,,,,,,,,,,,,,,,,,
347,91.38,88.94,89.94,90,89.62,82.31,90.69,,,,,,,,,,,,,,,,,,,,,,,,,,,
348,89.38,86.62,87.38,88.12,88.12,82.44,88.44,,,,,,,,,,,,,,,,,,,,,,,,,,,
349,91.19,88.94,90.06,90.25,90.19,82.5,89.62,,,,,,,,,,,,,,,,,,,,,,,,,,,
350,91.44,89.5,90.81,89.81,89.5,76.06,89.19,,,,,,,,,,,,,,,,,,,,,,,,,,,
351,87.38,83.31,84.56,85.12,84.88,72.88,85.88,,,,,,,,,,,,,,,,,,,,,,,,,,,
352,85.06,80.62,81.44,83.44,83.44,70.44,83.25,,,,,,,,,,,,,,,,,,,,,,,,,,,
353,82.81,78.94,80.5,81.62,81.12,70,81.44,,,,,,,,,,,,,,,,,,,,,,,,,,,
354,79.69,75,76.62,76.62,76.75,68.06,78.69,,,,,,,,,,,,,,,,,,,,,,,,,,,
355,70.19,64.38,66.19,64.94,67.06,68.25,71,,,,,,,,,,,,,,,,,,,,,,,,,,,
356,70.12,65.19,67,65.81,67.56,72.31,73.81,,,,,,,,,,,,,,,,,,,,,,,,,,,
357,75.31,69.88,71.81,71,72.12,76.81,77.38,,,,,,,,,,,,,,,,,,,,,,,,,,,
358,84.75,81.31,82.81,80.62,81.25,87.81,86.19,,,,,,,,,,,,,,,,,,,,,,,,,,,
359,87.81,85.25,86.38,85.25,85.62,88.44,88.81,,,,,,,,,,,,,,,,,,,,,,,,,,,
360,91.94,90.94,91.44,89.44,89.88,91.75,91.75,,,,,,,,,,,,,,,,,,,,,,,,,,,
361,93.25,91.88,92.12,91.62,92.06,93.25,93.62,,,,,,,,,,,,,,,,,,,,,,,,,,,
362,93.62,92.06,92.5,92.69,93,93.88,94.06,,,,,,,,,,,,,,,,,,,,,,,,,,,
363,93.69,92.69,93.31,92.25,92.69,93.81,93.88,,,,,,,,,,,,,,,,,,,,,,,,,,,
364,95,94.19,94.62,93.88,93.88,94.31,95.31,,,,,,,,,,,,,,,,,,,,,,,,,,,
365,95.06,93.25,93.88,94,94.38,95.06,95.06,,,,,,,,,,,,,,,,,,,,,,,,,,,
366,94.69,93.94,94.06,94,94.38,95.25,94.81,,,,,,,,,,,,,,,,,,,,,,,,,,,
367,94.75,94.44,94.62,93.94,94.12,94.88,94.75,,,,,,,,,,,,,,,,,,,,,,,,,,,
368,95.19,94.56,94.69,94.81,95.19,95.12,95.38,,,,,,,,,,,,,,,,,,,,,,,,,,,
369,95.38,94.69,94.44,95.31,95.69,95.19,95.31,,,,,,,,,,,,,,,,,,,,,,,,,,,
370,93.06,92.94,93.06,92.94,93.31,93,93.06,,,,,,,,,,,,,,,,,,,,,,,,,,,
371,94.62,94.69,93.94,94.88,95.31,95.56,95,,,,,,,,,,,,,,,,,,,,,,,,,,,
372,88.62,91.25,88.81,90.88,91.5,92.56,91.06,,,,,,,,,,,,,,,,,,,,,,,,,,,
373,87.81,90.06,87.44,89.06,89.62,91.31,89.06,,,,,,,,,,,,,,,,,,,,,,,,,,,
374,92.44,93.56,92.06,92.94,93.81,93.44,93.44,,,,,,,,,,,,,,,,,,,,,,,,,,,
375,93.5,94,92.94,93.75,94.31,94.44,94.38,,,,,,,,,,,,,,,,,,,,,,,,,,,
376,90,90.44,88.94,90.31,91.06,91.19,90.69,,,,,,,,,,,,,,,,,,,,,,,,,,,
377,91.62,92.31,91.44,91.69,92.56,92.25,92.19,,,,,,,,,,,,,,,,,,,,,,,,,,,
378,92.88,92.56,92.44,92.62,93.19,92.62,93,,,,,,,,,,,,,,,,,,,,,,,,,,,
379,88.62,88.94,88.12,88.62,89.62,89.44,89.5,,,,,,,,,,,,,,,,,,,,,,,,,,,
380,85.81,86.62,85.88,86.19,86.75,86.25,86.5,,,,,,,,,,,,,,,,,,,,,,,,,,,
381,88,88.62,88.25,88.12,88.75,87.38,88.25,,,,,,,,,,,,,,,,,,,,,,,,,,,
382,88.06,88.06,87.19,87.56,88.44,85.56,88.38,,,,,,,,,,,,,,,,,,,,,,,,,,,
383,83.81,83.19,83.06,82.94,84.75,81.31,83.25,,,,,,,,,,,,,,,,,,,,,,,,,,,
384,87.88,88.19,88.12,87.19,88.69,86.75,88.06,,,,,,,,,,,,,,,,,,,,,,,,,,,
385,93.19,93.38,93.25,92.62,93.56,91.88,92.88,,,,,,,,,,,,,,,,,,,,,,,,,,,
386,91.75,91.69,91.38,90.62,91.62,89.31,91.19,,,,,,,,,,,,,,,,,,,,,,,,,,,
387,92.25,91.19,91.25,91,92.38,89,91.62,,,,,,,,,,,,,,,,,,,,,,,,,,,
388,93.44,93.44,93.38,92.81,93.94,92.06,93.19,,,,,,,,,,,,,,,,,,,,,,,,,,,
389,94.56,94.25,94.31,94,94.62,92.81,93.94,,,,,,,,,,,,,,,,,,,,,,,,,,,
390,92.56,92.25,92.25,91.94,92.75,90.25,91.81,,,,,,,,,,,,,,,,,,,,,,,,,,,
391,91.69,90.88,90.88,90.94,92,90.19,91.88,,,,,,,,,,,,,,,,,,,,,,,,,,,
392,89.5,89.19,89.06,88.75,89.75,86.62,88.88,,,,,,,,,,,,,,,,,,,,,,,,,,,
393,86.88,87.94,87.81,86,87.38,84.06,85.81,,,,,,,,,,,,,,,,,,,,,,,,,,,
394,87.31,88,88.19,85.81,87.5,83.31,86.81,,,,,,,,,,,,,,,,,,,,,,,,,,,
395,85.69,84.81,84.75,83.06,86.12,81.75,84.81,,,,,,,,,,,,,,,,,,,,,,,,,,,
396,83.81,85.5,85.12,82.5,85.56,82.12,83.5,,,,,,,,,,,,,,,,,,,,,,,,,,,
397,75.31,75.94,76.62,74.56,75.88,74.19,75.19,,,,,,,,,,,,,,,,,,,,,,,,,,,
398,73.94,76.56,76.81,73.69,74.69,73.44,74.25,,,,,,,,,,,,,,,,,,,,,,,,,,,
399,73,72.81,73.12,72.88,73.19,72.06,73.12,,,,,,,,,,,,,,,,,,,,,,,,,,,
400,76.38,76.81,76.94,76.38,76.94,75.88,76.69,,,,,,,,,,,,,,,,,,,,,,,,,,,
401,81.44,82.56,82.38,81.69,82.5,79.12,81.62,,,,,,,,,,,,,,,,,,,,,,,,,,,
402,78.06,77.88,77.94,78.31,78.38,75.44,77.56,,,,,,,,,,,,,,,,,,,,,,,,,,,
403,76.25,77.12,76.81,77.31,76.94,74.25,77.25,,,,,,,,,,,,,,,,,,,,,,,,,,,
404,77.38,76.88,76.69,76.94,77.69,75.06,76.06,,,,,,,,,,,,,,,,,,,,,,,,,,,
405,74.31,70.75,71.25,73.94,74.12,68.31,69.69,,,,,,,,,,,,,,,,,,,,,,,,,,,
406,62.56,57.81,58.72,61.84,61.66,57.94,58.03,,,,,,,,,,,,,,,,,,,,,,,,,,,
407,56.03,49.41,49.88,55.38,53.91,48.34,48.75,,,,,,,,,,,,,,,,,,,,,,,,,,,
408,47.91,43.53,44.25,47.44,46.53,43.78,41.56,,,,,,,,,,,,,,,,,,,,,,,,,,,
409,37.12,33.69,33.75,36.81,36.34,31.78,32.78,,,,,,,,,,,,,,,,,,,,,,,,,,,
410,36.38,32.31,32.38,35.31,35.12,31.97,32.44,,,,,,,,,,,,,,,,,,,,,,,,,,,
411,30.75,28.59,27.73,29.95,29.64,26.31,27.91,,,,,,,,,,,,,,,,,,,,,,,,,,,
412,30.67,26.69,27.34,26.92,29.44,28.61,28,,,,,,,,,,,,,,,,,,,,,,,,,,,
413,27,23.41,23.14,27.06,25.7,23.7,24.97,,,,,,,,,,,,,,,,,,,,,,,,,,,
414,24.61,20.19,21.44,22.84,23.55,21.56,22.78,,,,,,,,,,,,,,,,,,,,,,,,,,,
415,,,,,19.53,,,,,,,,,,,,,,,,,,,,,,,,,,,,,
416,22.94,20.06,20.27,23.5,19.31,23.02,20.31,,,,,,,,,,,,,,,,,,,,,,,,,,,
417,20.83,19.38,20.95,20.16,20.97,22.8,22.22,,,,,,,,,,,,,,,,,,,,,,,,,,,
418,23.3,20.17,21.61,19.41,18.3,21.03,18.86,,,,,,,,,,,,,,,,,,,,,,,,,,,
419,20.42,18.77,18.92,18.81,18.97,20.89,21.42,,,,,,,,,,,,,,,,,,,,,,,,,,,
420,21,18.97,19.33,19.38,19.84,21.52,18.34,,,,,,,,,,,,,,,,,,,,,,,,,,,
421,19.78,18.64,18.42,17.53,18.05,20.28,19.73,,,,,,,,,,,,,,,,,,,,,,,,,,,
422,20.77,18.23,18.56,18.27,19.33,21.44,19.23,,,,,,,,,,,,,,,,,,,,,,,,,,,
423,18.61,18.69,17.89,17.03,17.66,20.62,18.56,,,,,,,,,,,,,,,,,,,,,,,,,,,
424,20.48,18.16,17.33,17.69,18.56,20.78,19.28,,,,,,,,,,,,,,,,,,,,,,,,,,,
425,18.34,17.28,17.11,19.34,19.09,22.2,17.47,,,,,,,,,,,,,,,,,,,,,,,,,,,
426,18.97,18.14,18.08,16.02,17.97,20.33,18.59,,,,,,,,,,,,,,,,,,,,,,,,,,,
427,20.06,18.17,18.34,17.41,19.17,21.86,18.81,,,,,,,,,,,,,,,,,,,,,,,,,,,
428,19.44,17.75,17.75,17.03,18.3,21.62,18.09,,,,,,,,,,,,,,,,,,,,,,,,,,,
429,19.92,17.88,17.89,17.53,18.48,22.11,19,,,,,,,,,,,,,,,,,,,,,,,,,,,
430,18.22,17.89,18.47,17.25,17.98,22.84,17.28,,,,,,,,,,,,,,,,,,,,,,,,,,,
431,21.36,18.91,18.66,18.78,19.14,23.66,19.81,,,,,,,,,,,,,,,,,,,,,,,,,,,
432,19.28,17.86,18.42,19,18.69,22.2,18.25,,,,,,,,,,,,,,,,,,,,,,,,,,,
433,19.36,17.67,17.31,18.78,16.3,21.66,17.48,,,,,,,,,,,,,,,,,,,,,,,,,,,
434,18.73,19.3,19.39,18.5,17.36,20.41,18.22,,,,,,,,,,,,,,,,,,,,,,,,,,,
435,20.09,20.64,18.83,18.14,19.11,21.98,18.88,,,,,,,,,,,,,,,,,,,,,,,,,,,
436,21,20.7,18.69,19.36,18.5,25.23,19.17,,,,,,,,,,,,,,,,,,,,,,,,,,,
437,19.97,21.09,18.55,18.39,18.19,22.75,18.88,,,,,,,,,,,,,,,,,,,,,,,,,,,
438,20.27,22.73,18.92,17.92,19.91,23.58,19.41,,,,,,,,,,,,,,,,,,,,,,,,,,,
439,22.72,22.84,20.69,19.14,19.45,23.53,20.42,,,,,,,,,,,,,,,,,,,,,,,,,,,
440,23.81,24,22.89,18.25,21.56,25.03,21.89,,,,,,,,,,,,,,,,,,,,,,,,,,,
441,25.75,27.05,27.36,19.25,21.31,26.88,22.09,,,,,,,,,,,,,,,,,,,,,,,,,,,
442,26.33,26.94,27.34,19.67,22.92,25.64,22.22,,,,,,,,,,,,,,,,,,,,,,,,,,,
443,27.2,27.83,26.47,20.31,22.64,26.34,22.88,,,,,,,,,,,,,,,,,,,,,,,,,,,
444,25.94,24.17,26.42,18.17,22.7,28.53,22.09,,,,,,,,,,,,,,,,,,,,,,,,,,,
445,26.77,27.75,27.48,16.28,21.92,23.14,20.62,,,,,,,,,,,,,,,,,,,,,,,,,,,
446,23.98,23.58,23.3,16.41,20.3,24.64,19.38,,,,,,,,,,,,,,,,,,,,,,,,,,,
447,18.77,19.41,22.3,16.69,16.86,19.19,16.23,,,,,,,,,,,,,,,,,,,,,,,,,,,
,,,,,,,,,,,,,,,,,,,,,,,,,,,,,,,,,,